Prenom,Nom,Type d'enregistrement,Famille,Date de naissance,Adresse e-mail,Telephone
Zebadiah,Lumsden,Campeur,Famille Lumsden,10/19/11,,9645670935
Yvonne,Mitroshinov,Campeur,Famille Mitroshinov,11/21/11,,3743025304
Yvon,Daily,Campeur,Famille Daily,7/31/12,,5809116607
Yasmeen,Parsons,Campeur,Famille Parsons,9/23/10,,8691036817
Xylia,Sandwick,Campeur,Famille Sandwick,6/6/09,,7004838719
Winonah,Bockett,Campeur,Famille Bockett,10/12/11,,5784432631
Wilona,Lisimore,Campeur,Famille Lisimore,12/7/09,,3405543286
Vikki,Lisimore,Campeur,Famille Lisimore,6/29/10,,3405543286
Vic,Peert,Campeur,Famille Peert,10/16/11,,3117646941
Vera,Airton,Campeur,Famille Airton,5/27/10,,9679924128
Tyne,Parsons,Campeur,Famille Parsons,3/25/12,,8691036817
Tucker,Boules,Campeur,Famille Boules,3/1/09,,6508008060
Titos,Thams,Campeur,Famille Thams,2/24/11,,3603425915
Tibold,Hanselmann,Campeur,Famille Hanselmann,8/4/09,,8711221638
Tammi,Dederich,Campeur,Famille Dederich,4/8/11,,2668562290
Susanne,Darcy,Campeur,Famille Darcy,5/31/10,,8304474430
Susana,Studman,Campeur,Famille Studman,12/14/09,,1523574938
Spike,Patrick,Campeur,Famille Patrick,4/5/11,,4069662049
Simonne,Stonehouse,Campeur,Famille Stonehouse,7/25/12,,5002031016
Sherry,Howie,Campeur,Famille Howie,10/9/12,,6177522269
Shelba,Criple,Campeur,Famille Criple,8/12/11,,3641188776
Shawn,Carlesso,Campeur,Famille Carlesso,6/16/11,,2923617541
Sharleen,Massen,Campeur,Famille Massen,1/21/09,,6164709430
Sharla,Ourry,Campeur,Famille Ourry,2/7/12,,8487487825
Shantee,Ethersey,Campeur,Famille Ethersey,4/21/10,,2058762938
Rori,Wiz,Campeur,Famille Wiz,10/16/09,,8868137257
Rickard,Howie,Campeur,Famille Howie,1/10/12,,6177522269
Rennie,Gamlen,Campeur,Famille Gamlen,3/29/10,,6267936181
Rees,Craighall,Campeur,Famille Craighall,10/5/12,,1582574543
Raquela,Greenrodd,Campeur,Famille Greenrodd,2/10/09,,2612462824
Rafael,Pitchers,Campeur,Famille Pitchers,9/12/10,,2093931996
Phelia,Burmaster,Campeur,Famille Burmaster,1/30/12,,2741702148
Peterus,Haldin,Campeur,Famille Haldin,9/2/10,,1089572518
Pavla,Milverton,Campeur,Famille Milverton,11/15/12,,4611922316
Pavel,Hinkensen,Campeur,Famille Hinkensen,9/28/09,,5819559684
Pacorro,Christophers,Campeur,Famille Christophers,12/10/11,,2142569746
Noell,Gromley,Campeur,Famille Gromley,3/13/12,,8126940015
Nichole,Derry,Campeur,Famille Derry,9/24/10,,7353123745
Nanon,Moryson,Campeur,Famille Moryson,12/16/10,,7422469392
Meriel,Massen,Campeur,Famille Massen,10/18/09,,6164709430
Massimo,Linkleter,Campeur,Famille Linkleter,8/29/09,,5346060881
Marylynne,Hallmark,Campeur,Famille Hallmark,9/2/11,,4478981303
Marven,Syde,Campeur,Famille Syde,6/10/10,,9809294403
Marty,Angell,Campeur,Famille Angell,5/2/09,,2204760482
Marigold,Hucknall,Campeur,Famille Hucknall,7/8/09,,9199739339
Marianna,Bucklan,Campeur,Famille Bucklan,7/11/12,,2383158253
Marget,Izsak,Campeur,Famille Izsak,10/14/11,,4461669060
Malchy,Flacknoe,Campeur,Famille Flacknoe,2/28/10,,2392096744
Madelyn,Comins,Campeur,Famille Comins,2/8/10,,3451672449
Lukas,Patrick,Campeur,Famille Patrick,5/10/12,,4069662049
Lothario,Lobell,Campeur,Famille Lobell,3/13/10,,2273897192
Loren,Lillyman,Campeur,Famille Lillyman,6/7/10,,4312019398
Lindsy,Gromley,Campeur,Famille Gromley,9/9/11,,8126940015
Lind,Eglinton,Campeur,Famille Eglinton,8/30/10,,4049339249
Leticia,Kimblin,Campeur,Famille Kimblin,5/27/09,,2313751497
Lavina,Moryson,Campeur,Famille Moryson,11/5/09,,7422469392
Laurent,Willgoss,Campeur,Famille Willgoss,8/5/10,,5806558990
Laetitia,Clotworthy,Campeur,Famille Clotworthy,5/29/12,,8618360033
Kissee,O'Brollachain,Campeur,Famille O'Brollachain,9/23/12,,9802930317
Kirsten,Kobierski,Campeur,Famille Kobierski,1/19/09,,6931660576
Ketti,Comins,Campeur,Famille Comins,7/13/12,,3451672449
Katti,Kezar,Campeur,Famille Kezar,7/21/09,,6829355130
Katha,Hinkensen,Campeur,Famille Hinkensen,7/20/09,,5819559684
Karoly,Balaam,Campeur,Famille Balaam,10/3/12,,7564939641
Karel,Oddboy,Campeur,Famille Oddboy,12/14/10,,2796703834
Kare,Southwood,Campeur,Famille Southwood,3/7/12,,6676888033
Juliette,Corbyn,Campeur,Famille Corbyn,4/20/11,,9392727791
Josie,Clementet,Campeur,Famille Clementet,4/7/11,,5409063265
Josiah,Clotworthy,Campeur,Famille Clotworthy,4/7/09,,8618360033
Jonathan,Veart,Campeur,Famille Veart,9/2/12,,9465549389
Jermayne,Aitken,Campeur,Famille Aitken,9/20/09,,5825351521
Jenna,Piperley,Campeur,Famille Piperley,11/24/11,,7559236380
Jeanelle,Hallmark,Campeur,Famille Hallmark,8/1/10,,4478981303
Jard,Lanney,Campeur,Famille Lanney,6/5/09,,6118714684
Jard,Peaurt,Campeur,Famille Peaurt,3/1/12,,4662282538
Jameson,Jamot,Campeur,Famille Jamot,6/21/12,,1314830839
Inigo,Kezar,Campeur,Famille Kezar,12/9/12,,6829355130
Ingrid,Presshaugh,Campeur,Famille Presshaugh,3/6/12,,3025508174
Ilyse,Wickwarth,Campeur,Famille Wickwarth,2/8/11,,3678104560
Ilise,Haldin,Campeur,Famille Haldin,9/3/12,,1089572518
Ilaire,Errigo,Campeur,Famille Errigo,12/13/12,,2013236576
Iggie,Oddboy,Campeur,Famille Oddboy,9/5/09,,2796703834
Idette,Desborough,Campeur,Famille Desborough,12/1/09,,3246180487
Hyacinthia,Inderwick,Campeur,Famille Inderwick,3/25/11,,1728052976
Hubert,Kobierski,Campeur,Famille Kobierski,4/21/10,,6931660576
Hermy,De Francesco,Campeur,Famille De Francesco,8/5/09,,7503454702
Hermie,Mary,Campeur,Famille Mary,1/17/09,,3098952476
Herby,Clementet,Campeur,Famille Clementet,9/1/11,,5409063265
Helaine,Milverton,Campeur,Famille Milverton,9/24/12,,4611922316
Heidi,Derry,Campeur,Famille Derry,12/22/09,,7353123745
Haskell,Fleg,Campeur,Famille Fleg,1/26/11,,9334186371
Haily,Linkleter,Campeur,Famille Linkleter,9/16/10,,5346060881
Gustave,Ceillier,Campeur,Famille Ceillier,6/14/12,,4005505245
Gregor,Curedell,Campeur,Famille Curedell,3/7/12,,6265634820
Giovanni,Stayt,Campeur,Famille Stayt,12/22/12,,8073570550
Gertrude,Filon,Campeur,Famille Filon,7/14/12,,3004883210
Gerri,Lillyman,Camper,Famille Lillyman,3/8/09,,4312019398
Gerianna,Eglinton,Campeur,Famille Eglinton,8/10/10,,4049339249
Garvey,Kynoch,Campeur,Famille Kynoch,2/10/10,,7853090180
Gan,Ethersey,Campeur,Famille Ethersey,9/21/12,,2058762938
Gamaliel,Hanselmann,Campeur,Famille Hanselmann,6/25/09,,8711221638
Free,Peaurt,Campeur,Famille Peaurt,4/19/12,,4662282538
Field,Tousy,Campeur,Famille Tousy,5/21/11,,6222480824
Fianna,Curedell,Campeur,Famille Curedell,7/2/12,,6265634820
Erminia,Mary,Campeur,Famille Mary,2/14/09,,3098952476
Erika,Gamlen,Campeur,Famille Gamlen,11/17/12,,6267936181
Emmalee,Greenrodd,Campeur,Famille Greenrodd,10/19/09,,2612462824
Elwira,Daily,Campeur,Famille Daily,12/10/09,,5809116607
Elton,Craighall,Campeur,Famille Craighall,4/7/10,,1582574543
Elisha,Cardoo,Campeur,Famille Cardoo,8/14/12,,7756975751
Efren,O'Brollachain,Campeur,Famille O'Brollachain,5/5/12,,9802930317
Dicky,Inderwick,Campeur,Famille Inderwick,7/1/09,,1728052976
Diane-marie,Antoszczyk,Campeur,Famille Antoszczyk,5/4/10,,3805811539
Dee,Hucknall,Campeur,Famille Hucknall,5/10/09,,9199739339
Debor,Dederich,Campeur,Famille Dederich,7/11/11,,2668562290
Davine,Squibbes,Campeur,Famille Squibbes,6/6/10,,8986401658
Dasha,Demcak,Campeur,Famille Demcak,3/29/09,,4787655576
Darrelle,Criple,Campeur,Famille Criple,2/12/10,,3641188776
Danika,Westell,Campeur,Famille Westell,7/21/11,,8879316267
Dale,Darcy,Campeur,Famille Darcy,6/27/10,,8304474430
Daile,Seville,Campeur,Famille Seville,6/19/09,,8069079148
Dagny,Joriot,Campeur,Famille Joriot,3/10/09,,3568760415
Cynthea,Rattray,Campeur,Famille Rattray,11/6/10,,1141317657
Crystal,Lanney,Campeur,Famille Lanney,2/5/11,,6118714684
Courtnay,Errigo,Campeur,Famille Errigo,3/6/11,,2013236576
Cornell,Mitroshinov,Campeur,Famille Mitroshinov,5/18/12,,3743025304
Corbett,Lovejoy,Campeur,Famille Lovejoy,4/5/10,,3032856543
Coraline,Ceillier,Campeur,Famille Ceillier,4/22/09,,4005505245
Chiquia,Lovejoy,Campeur,Famille Lovejoy,5/24/10,,3032856543
Chaddy,Jamot,Campeur,Famille Jamot,10/8/12,,1314830839
Carolus,Corbyn,Campeur,Famille Corbyn,10/31/11,,9392727791
Candie,Roocroft,Campeur,Famille Roocroft,12/19/12,,4955295292
Cam,Bowry,Campeur,Famille Bowry,6/25/09,,5814098576
Brooks,Yanuk,Campeur,Famille Yanuk,11/25/09,,2449770939
Brita,Demcak,Campeur,Famille Demcak,3/22/10,,4787655576
Brewster,Desborough,Campeur,Famille Desborough,10/18/09,,3246180487
Brett,Joriot,Campeur,Famille Joriot,10/1/09,,3568760415
Bond,Kynoch,Campeur,Famille Kynoch,11/7/10,,7853090180
Bobinette,Pankhurst.,Campeur,Famille Pankhurst.,9/24/10,,7699504715
Beryle,Filon,Campeur,Famille Filon,10/1/11,,3004883210
Beatrice,Inder,Campeur,Famille Inder,9/27/09,,4116932711
Aylmar,Dahlbom,Campeur,Famille Dahlbom,6/24/09,,1384274520
Averil,Kerwick,Campeur,Famille Kerwick,8/7/12,,9629706855
Aurilia,Flacknoe,Campeur,Famille Flacknoe,11/18/11,,2392096744
Aubrey,Symms,Campeur,Famille Symms,11/29/10,,1813586464
Arel,Christophers,Campeur,Famille Christophers,7/3/12,,2142569746
Ardelle,Dahlbom,Campeur,Famille Dahlbom,11/24/10,,1384274520
Annmarie,Castiblanco,Campeur,Famille Castiblanco,12/4/09,,7226215717
Andris,Baron,Campeur,Famille Baron,8/21/11,,7391861857
Andriette,Slaymaker,Campeur,Famille Slaymaker,11/16/12,,7522172516
Amanda,Fleg,Campeur,Famille Fleg,1/16/10,,9334186371
Amalia,Kimblin,Campeur,Famille Kimblin,6/19/12,,2313751497
Alverta,Peert,Campeur,Famille Peert,7/14/10,,3117646941
Allys,Ourry,Campeur,Famille Ourry,9/7/10,,8487487825
Alfonse,Redgate,Campeur,Famille Redgate,12/3/10,,5152960735
Alexei,Pankhurst.,Campeur,Famille Pankhurst.,6/2/10,,7699504715
Aleta,Kerwick,Campeur,Famille Kerwick,2/12/11,,9629706855
Alanna,Inder,Campeur,Famille Inder,4/28/12,,4116932711
Aguste,Lumsden,Campeur,Famille Lumsden,5/6/11,,9645670935
Aggi,Lobell,Campeur,Famille Lobell,11/14/12,,2273897192
Adda,De Francesco,Campeur,Famille De Francesco,7/13/12,,7503454702
Abe,Izsak,Campeur,Famille Izsak,11/7/12,,4461669060
Yasmeen,Sandwick,Tuteur,,,YSandwick@example.com,7004838719
Yale,Massen,Tuteur,,,YMassen@example.com,6164709430
Woodie,Eglinton,Tuteur,,,WEglinton@example.com,4049339249
Vevay,Linkleter,Tuteur,,,VLinkleter@example.com,5346060881
Terrence,Ceillier,Tuteur,,,TCeillier@example.com,4005505245
Tansy,Balaam,Tuteur,,,TBalaam@example.com,7564939641
Tandie,Dederich,Tuteur,,,TDederich@example.com,2668562290
Susana,Gamlen,Tuteur,,,SGamlen@example.com,6267936181
Sheri,Kezar,Tuteur,,,SKezar@example.com,6829355130
Ruthanne,Airton,Tuteur,,,RAirton@example.com,9679924128
Rosita,Comins,Tuteur,,,RComins@example.com,3451672449
Roda,Rattray,Tuteur,,,RRattray@example.com,1141317657
Rhea,Joriot,Tuteur,,,RJoriot@example.com,3568760415
Randy,Inderwick,Tuteur,,,RInderwick@example.com,1728052976
Ramonda,Castiblanco,Tuteur,,,RCastiblanco@example.com,7226215717
Piotr,Mary,Tuteur,,,PMary@example.com,3098952476
Patty,Lobell,Tuteur,,,PLobell@example.com,2273897192
Norry,Hinkensen,Tuteur,,,NHinkensen@example.com,5819559684
Neda,Haldin,Tuteur,,,NHaldin@example.com,1089572518
Morgan,Izsak,Tuteur,,,MIzsak@example.com,4461669060
Min,Lillyman,Tuteur,,,MLillyman@example.com,4312019398
Mikel,Howie,Tuteur,,,MHowie@example.com,6177522269
Marjorie,Lumsden,Tuteur,,,MLumsden@example.com,9645670935
Maria,Roocroft,Tuteur,,,MRoocroft@example.com,4955295292
Magdalena,Clementet,Tuteur,,,MClementet@example.com,5409063265
Lydon,Boules,Tuteur,,,LBoules@example.com,6508008060
Luther,Cardoo,Tuteur,,,LCardoo@example.com,7756975751
Loree,Bowry,Tuteur,,,LBowry@example.com,5814098576
Lona,Fleg,Tuteur,,,LFleg@example.com,9334186371
Lemmie,Clotworthy,Tuteur,,,LClotworthy@example.com,8618360033
Laurent,Christophers,Tuteur,,,LChristophers@example.com,2142569746
Kerry,Ourry,Tuteur,,,KOurry@example.com,8487487825
Kelila,Inder,Tuteur,,,KInder@example.com,4116932711
Kaitlyn,Baron,Tuteur,,,KBaron@example.com,7391861857
Jude,De Francesco,Tuteur,,,JDeFrancesco@example.com,7503454702
Joyous,Peert,Tuteur,,,JPeert@example.com,3117646941
Joyan,Angell,Tuteur,,,JAngell@example.com,2204760482
Joey,Corbyn,Tuteur,,,JCorbyn@example.com,9392727791
Jeremie,Bucklan,Tuteur,,,JBucklan@example.com,2383158253
Jeanette,Desborough,Tuteur,,,JDesborough@example.com,3246180487
Jacobo,Seville,Tuteur,,,JSeville@example.com,8069079148
Iormina,Dahlbom,Tuteur,,,IDahlbom@example.com,1384274520
Ingar,Lovejoy,Tuteur,,,ILovejoy@example.com,3032856543
Huntlee,Peaurt,Tuteur,,,HPeaurt@example.com,4662282538
Haven,Aitken,Tuteur,,,HAitken@example.com,5825351521
Harriot,Slaymaker,Tuteur,,,HSlaymaker@example.com,7522172516
Greg,Mitroshinov,Tuteur,,,GMitroshinov@example.com,3743025304
Gonzales,Kimblin,Tuteur,,,GKimblin@example.com,2313751497
Genevra,Hallmark,Tuteur,,,GHallmark@example.com,4478981303
Gena,Oddboy,Tuteur,,,GOddboy@example.com,2796703834
Franky,Carlesso,Tuteur,,,FCarlesso@example.com,2923617541
Frankie,Errigo,Tuteur,,,FErrigo@example.com,2013236576
Faunie,Greenrodd,Tuteur,,,FGreenrodd@example.com,2612462824
Evey,Lanney,Tuteur,,,ELanney@example.com,6118714684
Erin,Redgate,Tuteur,,,ERedgate@example.com,5152960735
Eric,Flacknoe,Tuteur,,,EFlacknoe@example.com,2392096744
Englebert,Criple,Tuteur,,,ECriple@example.com,3641188776
Emmie,Presshaugh,Tuteur,,,EPresshaugh@example.com,3025508174
Eleanore,Derry,Tuteur,,,EDerry@example.com,7353123745
Dulcia,Kobierski,Tuteur,,,DKobierski@example.com,6931660576
Drusie,Parsons,Tuteur,,,DParsons@example.com,8691036817
Dick,Milverton,Tuteur,,,DMilverton@example.com,4611922316
Denni,Lisimore,Tuteur,,,DLisimore@example.com,3405543286
Delmer,Squibbes,Tuteur,,,DSquibbes@example.com,8986401658
Cyrus,Piperley,Tuteur,,,CPiperley@example.com,7559236380
Curtis,Bockett,Tuteur,,,CBockett@example.com,5784432631
Chryste,O'Brollachain,Tuteur,,,CO'Brollachain@example.com,9802930317
Charleen,Demcak,Tuteur,,,CDemcak@example.com,4787655576
Cathrine,Darcy,Tuteur,,,CDarcy@example.com,8304474430
Carissa,Gromley,Tuteur,,,CGromley@example.com,8126940015
Candi,Hanselmann,Tuteur,,,CHanselmann@example.com,8711221638
Burgess,Antoszczyk,Tuteur,,,BAntoszczyk@example.com,3805811539
Burch,Pitchers,Tuteur,,,BPitchers@example.com,2093931996
Broderick,Kynoch,Tuteur,,,BKynoch@example.com,7853090180
Brittaney,Moryson,Tuteur,,,BMoryson@example.com,7422469392
Bourke,Curedell,Tuteur,,,BCuredell@example.com,6265634820
Bessie,Jamot,Tuteur,,,BJamot@example.com,1314830839
Berkley,Filon,Tuteur,,,BFilon@example.com,3004883210
Bennett,Stayt,Tuteur,,,BStayt@example.com,8073570550
Benedicta,Craighall,Tuteur,,,BCraighall@example.com,1582574543
Becky,Ethersey,Tuteur,,,BEthersey@example.com,2058762938
Bail,Daily,Tuteur,,,BDaily@example.com,5809116607
Aymer,Patrick,Tuteur,,,APatrick@example.com,4069662049
Aron,Southwood,Tuteur,,,ASouthwood@example.com,6676888033
Archaimbaud,Burmaster,Tuteur,,,ABurmaster@example.com,2741702148
Amaleta,Pankhurst.,Tuteur,,,APankhurst.@example.com,7699504715
Adelheid,Hucknall,Tuteur,,,AHucknall@example.com,9199739339
Abdul,Kerwick,Tuteur,,,AKerwick@example.com,9629706855
Vera,Stonehouse,Tuteur,,,VStonehouse@example.com,5002031016
Tyne,Studman,Tuteur,,,TStudman@example.com,1523574938
Tucker,Syde,Tuteur,,,TSyde@example.com,9809294403
Titos,Symms,Tuteur,,,TSymms@example.com,1813586464
Tibold,Thams,Tuteur,,,TThams@example.com,3603425915
Terrence,Tousy,Tuteur,,,TTousy@example.com,6222480824
Tansy,Veart,Tuteur,,,TVeart@example.com,9465549389
Tandie,Westell,Tuteur,,,TWestell@example.com,8879316267
Tammi,Wickwarth,Tuteur,,,TWickwarth@example.com,3678104560
Susanne,Willgoss,Tuteur,,,SWillgoss@example.com,5806558990
Susana,Wiz,Tuteur,,,SWiz@example.com,8868137257
Susana,Yanuk,Tuteur,,,SYanuk@example.com,2449770939
